Workbook

Sheet README
A1: Simple portfolio tracker - historical data loaded through Mar/26
A3: 1) Assets: from Apr/26 onward, write your current MONTHLY PAC in column F. Savings are NOT part of PAC.
A4: 2) Transactions_PAC: from Apr/26 onward, each ETF has 1 planned MONTHLY PAC row per month.
A5: 3) In Transactions_PAC, Status works like this:
A6: - Auto = use the planned monthly PAC
A7: - No = skip that month
A8: - Edited = write your real amount in Actual_Amount
A9: 4) Transactions_Manual: use only for extra buys/sells outside the normal PAC.
A10: 5) Month_End: at month end, update Savings + each ETF value.

Sheet Assets
A1: Asset | B1: Category | C1: Subcategory | D1: Bucket | E1: Active? | F1: Monthly_PAC | G1: Note | I1: Note
A2: Core MSCI World | B2: ETF | C2: ETF Stock | D2: Stocks | E2: Yes | F2: 0 | G2: Set Apr/26 onward monthly PAC here once finalized
A3: AI & Big Data | B3: ETF | C3: ETF Stock | D3: Stocks | E3: Yes | F3: 0
A4: Physical Gold | B4: ETF | C4: ETF Gold | D4: Defensive | E4: Yes | F4: 0
A5: Global Gov Bond | B5: ETF | C5: ETF Bond | D5: Defensive | E5: Yes | F5: 0
A6: Core EUR Corp Bond | B6: ETF | C6: ETF Bond | D6: Defensive | E6: Yes | F6: 0
A7: MSCI World Value | B7: ETF | C7: ETF Stock | D7: Stocks | E7: Yes | F7: 0
A8: MSCI EM | B8: ETF | C8: ETF Stock | D8: Stocks | E8: Yes | F8: 0
A9: Defence Tech | B9: ETF | C9: ETF Stock | D9: Stocks | E9: Yes | F9: 0
A10: Savings | B10: Savings | C10: Savings TR | D10: Savings | E10: Yes | F10: 0

Sheet Transactions_PAC
A1: Tx_Date | B1: Month | C1: Asset | D1: Tx_Type | E1: Planned_Amount | F1: Status | G1: Actual_Amount | H1: Flow_Used | I1: Notes
A2: 46113 | B2: =DATE(YEAR(A2),MONTH(A2),1) | C2: Core MSCI World | D2: PAC | E2: =IFERROR(VLOOKUP(C2,Assets!$A:$F,6,FALSE),0) | F2: Auto | H2: =IF(F2="No",0,IF(F2="Edited",IF(G2="",E2,G2),E2))
A3: 46113 | B3: =DATE(YEAR(A3),MONTH(A3),1) | C3: AI & Big Data | D3: PAC | E3: =IFERROR(VLOOKUP(C3,Assets!$A:$F,6,FALSE),0) | F3: Auto | H3: =IF(F3="No",0,IF(F3="Edited",IF(G3="",E3,G3),E3))
A4: 46113 | B4: =DATE(YEAR(A4),MONTH(A4),1) | C4: Physical Gold | D4: PAC | E4: =IFERROR(VLOOKUP(C4,Assets!$A:$F,6,FALSE),0) | F4: Auto | H4: =IF(F4="No",0,IF(F4="Edited",IF(G4="",E4,G4),E4))
A5: 46113 | B5: =DATE(YEAR(A5),MONTH(A5),1) | C5: Global Gov Bond | D5: PAC | E5: =IFERROR(VLOOKUP(C5,Assets!$A:$F,6,FALSE),0) | F5: Auto | H5: =IF(F5="No",0,IF(F5="Edited",IF(G5="",E5,G5),E5))
A6: 46113 | B6: =DATE(YEAR(A6),MONTH(A6),1) | C6: Core EUR Corp Bond | D6: PAC | E6: =IFERROR(VLOOKUP(C6,Assets!$A:$F,6,FALSE),0) | F6: Auto | H6: =IF(F6="No",0,IF(F6="Edited",IF(G6="",E6,G6),E6))
A7: 46113 | B7: =DATE(YEAR(A7),MONTH(A7),1) | C7: MSCI World Value | D7: PAC | E7: =IFERROR(VLOOKUP(C7,Assets!$A:$F,6,FALSE),0) | F7: Auto | H7: =IF(F7="No",0,IF(F7="Edited",IF(G7="",E7,G7),E7))
A8: 46113 | B8: =DATE(YEAR(A8),MONTH(A8),1) | C8: MSCI EM | D8: PAC | E8: =IFERROR(VLOOKUP(C8,Assets!$A:$F,6,FALSE),0) | F8: Auto | H8: =IF(F8="No",0,IF(F8="Edited",IF(G8="",E8,G8),E8))
A9: 46113 | B9: =DATE(YEAR(A9),MONTH(A9),1) | C9: Defence Tech | D9: PAC | E9: =IFERROR(VLOOKUP(C9,Assets!$A:$F,6,FALSE),0) | F9: Auto | H9: =IF(F9="No",0,IF(F9="Edited",IF(G9="",E9,G9),E9))
A10: 46143 | B10: =DATE(YEAR(A10),MONTH(A10),1) | C10: Core MSCI World | D10: PAC | E10: =IFERROR(VLOOKUP(C10,Assets!$A:$F,6,FALSE),0) | F10: Auto | H10: =IF(F10="No",0,IF(F10="Edited",IF(G10="",E10,G10),E10))
A11: 46143 | B11: =DATE(YEAR(A11),MONTH(A11),1) | C11: AI & Big Data | D11: PAC | E11: =IFERROR(VLOOKUP(C11,Assets!$A:$F,6,FALSE),0) | F11: Auto | H11: =IF(F11="No",0,IF(F11="Edited",IF(G11="",E11,G11),E11))
A12: 46143 | B12: =DATE(YEAR(A12),MONTH(A12),1) | C12: Physical Gold | D12: PAC | E12: =IFERROR(VLOOKUP(C12,Assets!$A:$F,6,FALSE),0) | F12: Auto | H12: =IF(F12="No",0,IF(F12="Edited",IF(G12="",E12,G12),E12))
A13: 46143 | B13: =DATE(YEAR(A13),MONTH(A13),1) | C13: Global Gov Bond | D13: PAC | E13: =IFERROR(VLOOKUP(C13,Assets!$A:$F,6,FALSE),0) | F13: Auto | H13: =IF(F13="No",0,IF(F13="Edited",IF(G13="",E13,G13),E13))
... A1225: 50740 | B1225: =DATE(YEAR(A1225),MONTH(A1225),1) | C1225: Defence Tech | D1225: PAC | E1225: =IFERROR(VLOOKUP(C1225,Assets!$A:$F,6,FALSE),0) | F1225: Auto | H1225: =IF(F1225="No",0,IF(F1225="Edited",IF(G1225="",E1225,G1225),E1225))

Sheet Transactions_Manual
A1: Tx_Date | B1: Month | C1: Asset | D1: Tx_Type | E1: Amount | F1: Notes
A2: 45931 | B2: =IF(A2="","",DATE(YEAR(A2),MONTH(A2),1)) | C2: Core MSCI World | D2: Historical Flow | E2: 690.4 | F2: Imported from your old tracker
A3: 45931 | B3: =IF(A3="","",DATE(YEAR(A3),MONTH(A3),1)) | C3: AI & Big Data | D3: Historical Flow | E3: 101 | F3: Imported from your old tracker
A4: 45931 | B4: =IF(A4="","",DATE(YEAR(A4),MONTH(A4),1)) | C4: Physical Gold | D4: Historical Flow | E4: 70 | F4: Imported from your old tracker
A5: 45931 | B5: =IF(A5="","",DATE(YEAR(A5),MONTH(A5),1)) | C5: Global Gov Bond | D5: Historical Flow | E5: 52 | F5: Imported from your old tracker
A6: 45931 | B6: =IF(A6="","",DATE(YEAR(A6),MONTH(A6),1)) | C6: Core EUR Corp Bond | D6: Historical Flow | E6: 54 | F6: Imported from your old tracker
A7: 45931 | B7: =IF(A7="","",DATE(YEAR(A7),MONTH(A7),1)) | C7: MSCI World Value | D7: Historical Flow | E7: 196.99 | F7: Imported from your old tracker
A8: 45931 | B8: =IF(A8="","",DATE(YEAR(A8),MONTH(A8),1)) | C8: MSCI EM | D8: Historical Flow | E8: 44 | F8: Imported from your old tracker
A9: 45931 | B9: =IF(A9="","",DATE(YEAR(A9),MONTH(A9),1)) | C9: Defence Tech | D9: Historical Flow | E9: 0 | F9: Imported from your old tracker
A10: 45962 | B10: =IF(A10="","",DATE(YEAR(A10),MONTH(A10),1)) | C10: Core MSCI World | D10: Historical Flow | E10: 486 | F10: Imported from your old tracker
A11: 45962 | B11: =IF(A11="","",DATE(YEAR(A11),MONTH(A11),1)) | C11: AI & Big Data | D11: Historical Flow | E11: 0 | F11: Imported from your old tracker
A12: 45962 | B12: =IF(A12="","",DATE(YEAR(A12),MONTH(A12),1)) | C12: Physical Gold | D12: Historical Flow | E12: 70 | F12: Imported from your old tracker
A13: 45962 | B13: =IF(A13="","",DATE(YEAR(A13),MONTH(A13),1)) | C13: Global Gov Bond | D13: Historical Flow | E13: 52 | F13: Imported from your old tracker
... A49: 46082 | B49: =IF(A49="","",DATE(YEAR(A49),MONTH(A49),1)) | C49: Defence Tech | D49: Historical Flow | E49: 0 | F49: Imported from your old tracker
D50: Extra Buy
D51: Extra Buy
D52: Extra Buy
D53: Extra Buy
D54: Extra Buy
D55: Extra Buy
D56: Extra Buy
D57: Extra Buy
D58: Extra Buy
D59: Extra Buy
D60: Extra Buy
D61: Extra Buy
... D299: Extra Buy

Sheet Month_End
A1: Month | B1: Asset | C1: Category | D1: End_Value
A2: 45931 | B2: Core MSCI World | C2: =IFERROR(VLOOKUP(B2,Assets!$A:$B,2,FALSE),"") | D2: 11058
A3: 45931 | B3: AI & Big Data | C3: =IFERROR(VLOOKUP(B3,Assets!$A:$B,2,FALSE),"") | D3: 3265
A4: 45931 | B4: Physical Gold | C4: =IFERROR(VLOOKUP(B4,Assets!$A:$B,2,FALSE),"") | D4: 1792
A5: 45931 | B5: Global Gov Bond | C5: =IFERROR(VLOOKUP(B5,Assets!$A:$B,2,FALSE),"") | D5: 1456
A6: 45931 | B6: Core EUR Corp Bond | C6: =IFERROR(VLOOKUP(B6,Assets!$A:$B,2,FALSE),"") | D6: 1456
A7: 45931 | B7: MSCI World Value | C7: =IFERROR(VLOOKUP(B7,Assets!$A:$B,2,FALSE),"") | D7: 1439
A8: 45931 | B8: MSCI EM | C8: =IFERROR(VLOOKUP(B8,Assets!$A:$B,2,FALSE),"") | D8: 1233
A9: 45931 | B9: Defence Tech | C9: =IFERROR(VLOOKUP(B9,Assets!$A:$B,2,FALSE),"") | D9: 483.2
A10: 45931 | B10: Savings | C10: =IFERROR(VLOOKUP(B10,Assets!$A:$B,2,FALSE),"") | D10: 34010.01
A11: 45962 | B11: Core MSCI World | C11: =IFERROR(VLOOKUP(B11,Assets!$A:$B,2,FALSE),"") | D11: 11303
A12: 45962 | B12: AI & Big Data | C12: =IFERROR(VLOOKUP(B12,Assets!$A:$B,2,FALSE),"") | D12: 3177
A13: 45962 | B13: Physical Gold | C13: =IFERROR(VLOOKUP(B13,Assets!$A:$B,2,FALSE),"") | D13: 1875
... A55: 46082 | B55: Savings | C55: =IFERROR(VLOOKUP(B55,Assets!$A:$B,2,FALSE),"") | D55: 39883
A56: 46113 | B56: Core MSCI World | C56: =IFERROR(VLOOKUP(B56,Assets!$A:$B,2,FALSE),"")
A57: 46113 | B57: AI & Big Data | C57: =IFERROR(VLOOKUP(B57,Assets!$A:$B,2,FALSE),"")
A58: 46113 | B58: Physical Gold | C58: =IFERROR(VLOOKUP(B58,Assets!$A:$B,2,FALSE),"")
A59: 46113 | B59: Global Gov Bond | C59: =IFERROR(VLOOKUP(B59,Assets!$A:$B,2,FALSE),"")
A60: 46113 | B60: Core EUR Corp Bond | C60: =IFERROR(VLOOKUP(B60,Assets!$A:$B,2,FALSE),"")
A61: 46113 | B61: MSCI World Value | C61: =IFERROR(VLOOKUP(B61,Assets!$A:$B,2,FALSE),"")
A62: 46113 | B62: MSCI EM | C62: =IFERROR(VLOOKUP(B62,Assets!$A:$B,2,FALSE),"")
A63: 46113 | B63: Defence Tech | C63: =IFERROR(VLOOKUP(B63,Assets!$A:$B,2,FALSE),"")
A64: 46113 | B64: Savings | C64: =IFERROR(VLOOKUP(B64,Assets!$A:$B,2,FALSE),"")
A65: 46143 | B65: Core MSCI World | C65: =IFERROR(VLOOKUP(B65,Assets!$A:$B,2,FALSE),"")
A66: 46143 | B66: AI & Big Data | C66: =IFERROR(VLOOKUP(B66,Assets!$A:$B,2,FALSE),"")
A67: 46143 | B67: Physical Gold | C67: =IFERROR(VLOOKUP(B67,Assets!$A:$B,2,FALSE),"")
... A352: 47088 | B352: Savings | C352: =IFERROR(VLOOKUP(B352,Assets!$A:$B,2,FALSE),"")

Sheet Summary
A1: Asset | B1: Month | C1: End_Value | D1: Flow_PAC | E1: Flow_Manual | F1: Total_Flow | G1: Prev_End | H1: PnL_€ | I1: Perf_%
A2: Core MSCI World | B2: 45931 | C2: =SUMIFS(Month_End!$D:$D,Month_End!$A:$A,B2,Month_End!$B:$B,A2) | D2: =SUMIFS(Transactions_PAC!$H:$H,Transactions_PAC!$B:$B,B2,Transactions_PAC!$C:$C,A2) | E2: =SUMIFS(Transactions_Manual!$E:$E,Transactions_Manual!$B:$B,B2,Transactions_Manual!$C:$C,A2) | F2: =D2+E2 | H2: =IF(OR(G2="",A2="Savings"),"",C2-G2-F2) | I2: =IF(OR(H2="",G2=0), "", H2/G2)
A3: Core MSCI World | B3: 45962 | C3: =SUMIFS(Month_End!$D:$D,Month_End!$A:$A,B3,Month_End!$B:$B,A3) | D3: =SUMIFS(Transactions_PAC!$H:$H,Transactions_PAC!$B:$B,B3,Transactions_PAC!$C:$C,A3) | E3: =SUMIFS(Transactions_Manual!$E:$E,Transactions_Manual!$B:$B,B3,Transactions_Manual!$C:$C,A3) | F3: =D3+E3 | G3: =C2 | H3: =IF(OR(G3="",A3="Savings"),"",C3-G3-F3) | I3: =IF(OR(H3="",G3=0), "", H3/G3)
A4: Core MSCI World | B4: 45992 | C4: =SUMIFS(Month_End!$D:$D,Month_End!$A:$A,B4,Month_End!$B:$B,A4) | D4: =SUMIFS(Transactions_PAC!$H:$H,Transactions_PAC!$B:$B,B4,Transactions_PAC!$C:$C,A4) | E4: =SUMIFS(Transactions_Manual!$E:$E,Transactions_Manual!$B:$B,B4,Transactions_Manual!$C:$C,A4) | F4: =D4+E4 | G4: =C3 | H4: =IF(OR(G4="",A4="Savings"),"",C4-G4-F4) | I4: =IF(OR(H4="",G4=0), "", H4/G4)
A5: Core MSCI World | B5: 46023 | C5: =SUMIFS(Month_End!$D:$D,Month_End!$A:$A,B5,Month_End!$B:$B,A5) | D5: =SUMIFS(Transactions_PAC!$H:$H,Transactions_PAC!$B:$B,B5,Transactions_PAC!$C:$C,A5) | E5: =SUMIFS(Transactions_Manual!$E:$E,Transactions_Manual!$B:$B,B5,Transactions_Manual!$C:$C,A5) | F5: =D5+E5 | G5: =C4 | H5: =IF(OR(G5="",A5="Savings"),"",C5-G5-F5) | I5: =IF(OR(H5="",G5=0), "", H5/G5)
A6: Core MSCI World | B6: 46054 | C6: =SUMIFS(Month_End!$D:$D,Month_End!$A:$A,B6,Month_End!$B:$B,A6) | D6: =SUMIFS(Transactions_PAC!$H:$H,Transactions_PAC!$B:$B,B6,Transactions_PAC!$C:$C,A6) | E6: =SUMIFS(Transactions_Manual!$E:$E,Transactions_Manual!$B:$B,B6,Transactions_Manual!$C:$C,A6) | F6: =D6+E6 | G6: =C5 | H6: =IF(OR(G6="",A6="Savings"),"",C6-G6-F6) | I6: =IF(OR(H6="",G6=0), "", H6/G6)
A7: Core MSCI World | B7: 46082 | C7: =SUMIFS(Month_End!$D:$D,Month_End!$A:$A,B7,Month_End!$B:$B,A7) | D7: =SUMIFS(Transactions_PAC!$H:$H,Transactions_PAC!$B:$B,B7,Transactions_PAC!$C:$C,A7) | E7: =SUMIFS(Transactions_Manual!$E:$E,Transactions_Manual!$B:$B,B7,Transactions_Manual!$C:$C,A7) | F7: =D7+E7 | G7: =C6 | H7: =IF(OR(G7="",A7="Savings"),"",C7-G7-F7) | I7: =IF(OR(H7="",G7=0), "", H7/G7)
A8: Core MSCI World | B8: 46113 | C8: =SUMIFS(Month_End!$D:$D,Month_End!$A:$A,B8,Month_End!$B:$B,A8) | D8: =SUMIFS(Transactions_PAC!$H:$H,Transactions_PAC!$B:$B,B8,Transactions_PAC!$C:$C,A8) | E8: =SUMIFS(Transactions_Manual!$E:$E,Transactions_Manual!$B:$B,B8,Transactions_Manual!$C:$C,A8) | F8: =D8+E8 | G8: =C7 | H8: =IF(OR(G8="",A8="Savings"),"",C8-G8-F8) | I8: =IF(OR(H8="",G8=0), "", H8/G8)
A9: Core MSCI World | B9: 46143 | C9: =SUMIFS(Month_End!$D:$D,Month_End!$A:$A,B9,Month_End!$B:$B,A9) | D9: =SUMIFS(Transactions_PAC!$H:$H,Transactions_PAC!$B:$B,B9,Transactions_PAC!$C:$C,A9) | E9: =SUMIFS(Transactions_Manual!$E:$E,Transactions_Manual!$B:$B,B9,Transactions_Manual!$C:$C,A9) | F9: =D9+E9 | G9: =C8 | H9: =IF(OR(G9="",A9="Savings"),"",C9-G9-F9) | I9: =IF(OR(H9="",G9=0), "", H9/G9)
A10: Core MSCI World | B10: 46174 | C10: =SUMIFS(Month_End!$D:$D,Month_End!$A:$A,B10,Month_End!$B:$B,A10) | D10: =SUMIFS(Transactions_PAC!$H:$H,Transactions_PAC!$B:$B,B10,Transactions_PAC!$C:$C,A10) | E10: =SUMIFS(Transactions_Manual!$E:$E,Transactions_Manual!$B:$B,B10,Transactions_Manual!$C:$C,A10) | F10: =D10+E10 | G10: =C9 | H10: =IF(OR(G10="",A10="Savings"),"",C10-G10-F10) | I10: =IF(OR(H10="",G10=0), "", H10/G10)
A11: Core MSCI World | B11: 46204 | C11: =SUMIFS(Month_End!$D:$D,Month_End!$A:$A,B11,Month_End!$B:$B,A11) | D11: =SUMIFS(Transactions_PAC!$H:$H,Transactions_PAC!$B:$B,B11,Transactions_PAC!$C:$C,A11) | E11: =SUMIFS(Transactions_Manual!$E:$E,Transactions_Manual!$B:$B,B11,Transactions_Manual!$C:$C,A11) | F11: =D11+E11 | G11: =C10 | H11: =IF(OR(G11="",A11="Savings"),"",C11-G11-F11) | I11: =IF(OR(H11="",G11=0), "", H11/G11)
A12: Core MSCI World | B12: 46235 | C12: =SUMIFS(Month_End!$D:$D,Month_End!$A:$A,B12,Month_End!$B:$B,A12) | D12: =SUMIFS(Transactions_PAC!$H:$H,Transactions_PAC!$B:$B,B12,Transactions_PAC!$C:$C,A12) | E12: =SUMIFS(Transactions_Manual!$E:$E,Transactions_Manual!$B:$B,B12,Transactions_Manual!$C:$C,A12) | F12: =D12+E12 | G12: =C11 | H12: =IF(OR(G12="",A12="Savings"),"",C12-G12-F12) | I12: =IF(OR(H12="",G12=0), "", H12/G12)
A13: Core MSCI World | B13: 46266 | C13: =SUMIFS(Month_End!$D:$D,Month_End!$A:$A,B13,Month_End!$B:$B,A13) | D13: =SUMIFS(Transactions_PAC!$H:$H,Transactions_PAC!$B:$B,B13,Transactions_PAC!$C:$C,A13) | E13: =SUMIFS(Transactions_Manual!$E:$E,Transactions_Manual!$B:$B,B13,Transactions_Manual!$C:$C,A13) | F13: =D13+E13 | G13: =C12 | H13: =IF(OR(G13="",A13="Savings"),"",C13-G13-F13) | I13: =IF(OR(H13="",G13=0), "", H13/G13)
A14: Core MSCI World | B14: 46296 | C14: =SUMIFS(Month_End!$D:$D,Month_End!$A:$A,B14,Month_End!$B:$B,A14) | D14: =SUMIFS(Transactions_PAC!$H:$H,Transactions_PAC!$B:$B,B14,Transactions_PAC!$C:$C,A14) | E14: =SUMIFS(Transactions_Manual!$E:$E,Transactions_Manual!$B:$B,B14,Transactions_Manual!$C:$C,A14) | F14: =D14+E14 | G14: =C13 | H14: =IF(OR(G14="",A14="Savings"),"",C14-G14-F14) | I14: =IF(OR(H14="",G14=0), "", H14/G14)
... A40: Core MSCI World | B40: 47088 | C40: =SUMIFS(Month_End!$D:$D,Month_End!$A:$A,B40,Month_End!$B:$B,A40) | D40: =SUMIFS(Transactions_PAC!$H:$H,Transactions_PAC!$B:$B,B40,Transactions_PAC!$C:$C,A40) | E40: =SUMIFS(Transactions_Manual!$E:$E,Transactions_Manual!$B:$B,B40,Transactions_Manual!$C:$C,A40) | F40: =D40+E40 | G40: =C39 | H40: =IF(OR(G40="",A40="Savings"),"",C40-G40-F40) | I40: =IF(OR(H40="",G40=0), "", H40/G40)
A41: AI & Big Data | B41: 45931 | C41: =SUMIFS(Month_End!$D:$D,Month_End!$A:$A,B41,Month_End!$B:$B,A41) | D41: =SUMIFS(Transactions_PAC!$H:$H,Transactions_PAC!$B:$B,B41,Transactions_PAC!$C:$C,A41) | E41: =SUMIFS(Transactions_Manual!$E:$E,Transactions_Manual!$B:$B,B41,Transactions_Manual!$C:$C,A41) | F41: =D41+E41 | H41: =IF(OR(G41="",A41="Savings"),"",C41-G41-F41) | I41: =IF(OR(H41="",G41=0), "", H41/G41)
A42: AI & Big Data | B42: 45962 | C42: =SUMIFS(Month_End!$D:$D,Month_End!$A:$A,B42,Month_End!$B:$B,A42) | D42: =SUMIFS(Transactions_PAC!$H:$H,Transactions_PAC!$B:$B,B42,Transactions_PAC!$C:$C,A42) | E42: =SUMIFS(Transactions_Manual!$E:$E,Transactions_Manual!$B:$B,B42,Transactions_Manual!$C:$C,A42) | F42: =D42+E42 | G42: =C41 | H42: =IF(OR(G42="",A42="Savings"),"",C42-G42-F42) | I42: =IF(OR(H42="",G42=0), "", H42/G42)
A43: AI & Big Data | B43: 45992 | C43: =SUMIFS(Month_End!$D:$D,Month_End!$A:$A,B43,Month_End!$B:$B,A43) | D43: =SUMIFS(Transactions_PAC!$H:$H,Transactions_PAC!$B:$B,B43,Transactions_PAC!$C:$C,A43) | E43: =SUMIFS(Transactions_Manual!$E:$E,Transactions_Manual!$B:$B,B43,Transactions_Manual!$C:$C,A43) | F43: =D43+E43 | G43: =C42 | H43: =IF(OR(G43="",A43="Savings"),"",C43-G43-F43) | I43: =IF(OR(H43="",G43=0), "", H43/G43)
A44: AI & Big Data | B44: 46023 | C44: =SUMIFS(Month_End!$D:$D,Month_End!$A:$A,B44,Month_End!$B:$B,A44) | D44: =SUMIFS(Transactions_PAC!$H:$H,Transactions_PAC!$B:$B,B44,Transactions_PAC!$C:$C,A44) | E44: =SUMIFS(Transactions_Manual!$E:$E,Transactions_Manual!$B:$B,B44,Transactions_Manual!$C:$C,A44) | F44: =D44+E44 | G44: =C43 | H44: =IF(OR(G44="",A44="Savings"),"",C44-G44-F44) | I44: =IF(OR(H44="",G44=0), "", H44/G44)
A45: AI & Big Data | B45: 46054 | C45: =SUMIFS(Month_End!$D:$D,Month_End!$A:$A,B45,Month_End!$B:$B,A45) | D45: =SUMIFS(Transactions_PAC!$H:$H,Transactions_PAC!$B:$B,B45,Transactions_PAC!$C:$C,A45) | E45: =SUMIFS(Transactions_Manual!$E:$E,Transactions_Manual!$B:$B,B45,Transactions_Manual!$C:$C,A45) | F45: =D45+E45 | G45: =C44 | H45: =IF(OR(G45="",A45="Savings"),"",C45-G45-F45) | I45: =IF(OR(H45="",G45=0), "", H45/G45)
A46: AI & Big Data | B46: 46082 | C46: =SUMIFS(Month_End!$D:$D,Month_End!$A:$A,B46,Month_End!$B:$B,A46) | D46: =SUMIFS(Transactions_PAC!$H:$H,Transactions_PAC!$B:$B,B46,Transactions_PAC!$C:$C,A46) | E46: =SUMIFS(Transactions_Manual!$E:$E,Transactions_Manual!$B:$B,B46,Transactions_Manual!$C:$C,A46) | F46: =D46+E46 | G46: =C45 | H46: =IF(OR(G46="",A46="Savings"),"",C46-G46-F46) | I46: =IF(OR(H46="",G46=0), "", H46/G46)
A47: AI & Big Data | B47: 46113 | C47: =SUMIFS(Month_End!$D:$D,Month_End!$A:$A,B47,Month_End!$B:$B,A47) | D47: =SUMIFS(Transactions_PAC!$H:$H,Transactions_PAC!$B:$B,B47,Transactions_PAC!$C:$C,A47) | E47: =SUMIFS(Transactions_Manual!$E:$E,Transactions_Manual!$B:$B,B47,Transactions_Manual!$C:$C,A47) | F47: =D47+E47 | G47: =C46 | H47: =IF(OR(G47="",A47="Savings"),"",C47-G47-F47) | I47: =IF(OR(H47="",G47=0), "", H47/G47)
A48: AI & Big Data | B48: 46143 | C48: =SUMIFS(Month_End!$D:$D,Month_End!$A:$A,B48,Month_End!$B:$B,A48) | D48: =SUMIFS(Transactions_PAC!$H:$H,Transactions_PAC!$B:$B,B48,Transactions_PAC!$C:$C,A48) | E48: =SUMIFS(Transactions_Manual!$E:$E,Transactions_Manual!$B:$B,B48,Transactions_Manual!$C:$C,A48) | F48: =D48+E48 | G48: =C47 | H48: =IF(OR(G48="",A48="Savings"),"",C48-G48-F48) | I48: =IF(OR(H48="",G48=0), "", H48/G48)
A49: AI & Big Data | B49: 46174 | C49: =SUMIFS(Month_End!$D:$D,Month_End!$A:$A,B49,Month_End!$B:$B,A49) | D49: =SUMIFS(Transactions_PAC!$H:$H,Transactions_PAC!$B:$B,B49,Transactions_PAC!$C:$C,A49) | E49: =SUMIFS(Transactions_Manual!$E:$E,Transactions_Manual!$B:$B,B49,Transactions_Manual!$C:$C,A49) | F49: =D49+E49 | G49: =C48 | H49: =IF(OR(G49="",A49="Savings"),"",C49-G49-F49) | I49: =IF(OR(H49="",G49=0), "", H49/G49)
A50: AI & Big Data | B50: 46204 | C50: =SUMIFS(Month_End!$D:$D,Month_End!$A:$A,B50,Month_End!$B:$B,A50) | D50: =SUMIFS(Transactions_PAC!$H:$H,Transactions_PAC!$B:$B,B50,Transactions_PAC!$C:$C,A50) | E50: =SUMIFS(Transactions_Manual!$E:$E,Transactions_Manual!$B:$B,B50,Transactions_Manual!$C:$C,A50) | F50: =D50+E50 | G50: =C49 | H50: =IF(OR(G50="",A50="Savings"),"",C50-G50-F50) | I50: =IF(OR(H50="",G50=0), "", H50/G50)
A51: AI & Big Data | B51: 46235 | C51: =SUMIFS(Month_End!$D:$D,Month_End!$A:$A,B51,Month_End!$B:$B,A51) | D51: =SUMIFS(Transactions_PAC!$H:$H,Transactions_PAC!$B:$B,B51,Transactions_PAC!$C:$C,A51) | E51: =SUMIFS(Transactions_Manual!$E:$E,Transactions_Manual!$B:$B,B51,Transactions_Manual!$C:$C,A51) | F51: =D51+E51 | G51: =C50 | H51: =IF(OR(G51="",A51="Savings"),"",C51-G51-F51) | I51: =IF(OR(H51="",G51=0), "", H51/G51)
A52: AI & Big Data | B52: 46266 | C52: =SUMIFS(Month_End!$D:$D,Month_End!$A:$A,B52,Month_End!$B:$B,A52) | D52: =SUMIFS(Transactions_PAC!$H:$H,Transactions_PAC!$B:$B,B52,Transactions_PAC!$C:$C,A52) | E52: =SUMIFS(Transactions_Manual!$E:$E,Transactions_Manual!$B:$B,B52,Transactions_Manual!$C:$C,A52) | F52: =D52+E52 | G52: =C51 | H52: =IF(OR(G52="",A52="Savings"),"",C52-G52-F52) | I52: =IF(OR(H52="",G52=0), "", H52/G52)
A53: AI & Big Data | B53: 46296 | C53: =SUMIFS(Month_End!$D:$D,Month_End!$A:$A,B53,Month_End!$B:$B,A53) | D53: =SUMIFS(Transactions_PAC!$H:$H,Transactions_PAC!$B:$B,B53,Transactions_PAC!$C:$C,A53) | E53: =SUMIFS(Transactions_Manual!$E:$E,Transactions_Manual!$B:$B,B53,Transactions_Manual!$C:$C,A53) | F53: =D53+E53 | G53: =C52 | H53: =IF(OR(G53="",A53="Savings"),"",C53-G53-F53) | I53: =IF(OR(H53="",G53=0), "", H53/G53)
... A79: AI & Big Data | B79: 47088 | C79: =SUMIFS(Month_End!$D:$D,Month_End!$A:$A,B79,Month_End!$B:$B,A79) | D79: =SUMIFS(Transactions_PAC!$H:$H,Transactions_PAC!$B:$B,B79,Transactions_PAC!$C:$C,A79) | E79: =SUMIFS(Transactions_Manual!$E:$E,Transactions_Manual!$B:$B,B79,Transactions_Manual!$C:$C,A79) | F79: =D79+E79 | G79: =C78 | H79: =IF(OR(G79="",A79="Savings"),"",C79-G79-F79) | I79: =IF(OR(H79="",G79=0), "", H79/G79)
A80: Physical Gold | B80: 45931 | C80: =SUMIFS(Month_End!$D:$D,Month_End!$A:$A,B80,Month_End!$B:$B,A80) | D80: =SUMIFS(Transactions_PAC!$H:$H,Transactions_PAC!$B:$B,B80,Transactions_PAC!$C:$C,A80) | E80: =SUMIFS(Transactions_Manual!$E:$E,Transactions_Manual!$B:$B,B80,Transactions_Manual!$C:$C,A80) | F80: =D80+E80 | H80: =IF(OR(G80="",A80="Savings"),"",C80-G80-F80) | I80: =IF(OR(H80="",G80=0), "", H80/G80)
A81: Physical Gold | B81: 45962 | C81: =SUMIFS(Month_End!$D:$D,Month_End!$A:$A,B81,Month_End!$B:$B,A81) | D81: =SUMIFS(Transactions_PAC!$H:$H,Transactions_PAC!$B:$B,B81,Transactions_PAC!$C:$C,A81) | E81: =SUMIFS(Transactions_Manual!$E:$E,Transactions_Manual!$B:$B,B81,Transactions_Manual!$C:$C,A81) | F81: =D81+E81 | G81: =C80 | H81: =IF(OR(G81="",A81="Savings"),"",C81-G81-F81) | I81: =IF(OR(H81="",G81=0), "", H81/G81)
A82: Physical Gold | B82: 45992 | C82: =SUMIFS(Month_End!$D:$D,Month_End!$A:$A,B82,Month_End!$B:$B,A82) | D82: =SUMIFS(Transactions_PAC!$H:$H,Transactions_PAC!$B:$B,B82,Transactions_PAC!$C:$C,A82) | E82: =SUMIFS(Transactions_Manual!$E:$E,Transactions_Manual!$B:$B,B82,Transactions_Manual!$C:$C,A82) | F82: =D82+E82 | G82: =C81 | H82: =IF(OR(G82="",A82="Savings"),"",C82-G82-F82) | I82: =IF(OR(H82="",G82=0), "", H82/G82)
A83: Physical Gold | B83: 46023 | C83: =SUMIFS(Month_End!$D:$D,Month_End!$A:$A,B83,Month_End!$B:$B,A83) | D83: =SUMIFS(Transactions_PAC!$H:$H,Transactions_PAC!$B:$B,B83,Transactions_PAC!$C:$C,A83) | E83: =SUMIFS(Transactions_Manual!$E:$E,Transactions_Manual!$B:$B,B83,Transactions_Manual!$C:$C,A83) | F83: =D83+E83 | G83: =C82 | H83: =IF(OR(G83="",A83="Savings"),"",C83-G83-F83) | I83: =IF(OR(H83="",G83=0), "", H83/G83)
A84: Physical Gold | B84: 46054 | C84: =SUMIFS(Month_End!$D:$D,Month_End!$A:$A,B84,Month_End!$B:$B,A84) | D84: =SUMIFS(Transactions_PAC!$H:$H,Transactions_PAC!$B:$B,B84,Transactions_PAC!$C:$C,A84) | E84: =SUMIFS(Transactions_Manual!$E:$E,Transactions_Manual!$B:$B,B84,Transactions_Manual!$C:$C,A84) | F84: =D84+E84 | G84: =C83 | H84: =IF(OR(G84="",A84="Savings"),"",C84-G84-F84) | I84: =IF(OR(H84="",G84=0), "", H84/G84)
A85: Physical Gold | B85: 46082 | C85: =SUMIFS(Month_End!$D:$D,Month_End!$A:$A,B85,Month_End!$B:$B,A85) | D85: =SUMIFS(Transactions_PAC!$H:$H,Transactions_PAC!$B:$B,B85,Transactions_PAC!$C:$C,A85) | E85: =SUMIFS(Transactions_Manual!$E:$E,Transactions_Manual!$B:$B,B85,Transactions_Manual!$C:$C,A85) | F85: =D85+E85 | G85: =C84 | H85: =IF(OR(G85="",A85="Savings"),"",C85-G85-F85) | I85: =IF(OR(H85="",G85=0), "", H85/G85)
A86: Physical Gold | B86: 46113 | C86: =SUMIFS(Month_End!$D:$D,Month_End!$A:$A,B86,Month_End!$B:$B,A86) | D86: =SUMIFS(Transactions_PAC!$H:$H,Transactions_PAC!$B:$B,B86,Transactions_PAC!$C:$C,A86) | E86: =SUMIFS(Transactions_Manual!$E:$E,Transactions_Manual!$B:$B,B86,Transactions_Manual!$C:$C,A86) | F86: =D86+E86 | G86: =C85 | H86: =IF(OR(G86="",A86="Savings"),"",C86-G86-F86) | I86: =IF(OR(H86="",G86=0), "", H86/G86)
A87: Physical Gold | B87: 46143 | C87: =SUMIFS(Month_End!$D:$D,Month_End!$A:$A,B87,Month_End!$B:$B,A87) | D87: =SUMIFS(Transactions_PAC!$H:$H,Transactions_PAC!$B:$B,B87,Transactions_PAC!$C:$C,A87) | E87: =SUMIFS(Transactions_Manual!$E:$E,Transactions_Manual!$B:$B,B87,Transactions_Manual!$C:$C,A87) | F87: =D87+E87 | G87: =C86 | H87: =IF(OR(G87="",A87="Savings"),"",C87-G87-F87) | I87: =IF(OR(H87="",G87=0), "", H87/G87)
A88: Physical Gold | B88: 46174 | C88: =SUMIFS(Month_End!$D:$D,Month_End!$A:$A,B88,Month_End!$B:$B,A88) | D88: =SUMIFS(Transactions_PAC!$H:$H,Transactions_PAC!$B:$B,B88,Transactions_PAC!$C:$C,A88) | E88: =SUMIFS(Transactions_Manual!$E:$E,Transactions_Manual!$B:$B,B88,Transactions_Manual!$C:$C,A88) | F88: =D88+E88 | G88: =C87 | H88: =IF(OR(G88="",A88="Savings"),"",C88-G88-F88) | I88: =IF(OR(H88="",G88=0), "", H88/G88)
A89: Physical Gold | B89: 46204 | C89: =SUMIFS(Month_End!$D:$D,Month_End!$A:$A,B89,Month_End!$B:$B,A89) | D89: =SUMIFS(Transactions_PAC!$H:$H,Transactions_PAC!$B:$B,B89,Transactions_PAC!$C:$C,A89) | E89: =SUMIFS(Transactions_Manual!$E:$E,Transactions_Manual!$B:$B,B89,Transactions_Manual!$C:$C,A89) | F89: =D89+E89 | G89: =C88 | H89: =IF(OR(G89="",A89="Savings"),"",C89-G89-F89) | I89: =IF(OR(H89="",G89=0), "", H89/G89)
A90: Physical Gold | B90: 46235 | C90: =SUMIFS(Month_End!$D:$D,Month_End!$A:$A,B90,Month_End!$B:$B,A90) | D90: =SUMIFS(Transactions_PAC!$H:$H,Transactions_PAC!$B:$B,B90,Transactions_PAC!$C:$C,A90) | E90: =SUMIFS(Transactions_Manual!$E:$E,Transactions_Manual!$B:$B,B90,Transactions_Manual!$C:$C,A90) | F90: =D90+E90 | G90: =C89 | H90: =IF(OR(G90="",A90="Savings"),"",C90-G90-F90) | I90: =IF(OR(H90="",G90=0), "", H90/G90)
A91: Physical Gold | B91: 46266 | C91: =SUMIFS(Month_End!$D:$D,Month_End!$A:$A,B91,Month_End!$B:$B,A91) | D91: =SUMIFS(Transactions_PAC!$H:$H,Transactions_PAC!$B:$B,B91,Transactions_PAC!$C:$C,A91) | E91: =SUMIFS(Transactions_Manual!$E:$E,Transactions_Manual!$B:$B,B91,Transactions_Manual!$C:$C,A91) | F91: =D91+E91 | G91: =C90 | H91: =IF(OR(G91="",A91="Savings"),"",C91-G91-F91) | I91: =IF(OR(H91="",G91=0), "", H91/G91)
A92: Physical Gold | B92: 46296 | C92: =SUMIFS(Month_End!$D:$D,Month_End!$A:$A,B92,Month_End!$B:$B,A92) | D92: =SUMIFS(Transactions_PAC!$H:$H,Transactions_PAC!$B:$B,B92,Transactions_PAC!$C:$C,A92) | E92: =SUMIFS(Transactions_Manual!$E:$E,Transactions_Manual!$B:$B,B92,Transactions_Manual!$C:$C,A92) | F92: =D92+E92 | G92: =C91 | H92: =IF(OR(G92="",A92="Savings"),"",C92-G92-F92) | I92: =IF(OR(H92="",G92=0), "", H92/G92)
... A118: Physical Gold | B118: 47088 | C118: =SUMIFS(Month_End!$D:$D,Month_End!$A:$A,B118,Month_End!$B:$B,A118) | D118: =SUMIFS(Transactions_PAC!$H:$H,Transactions_PAC!$B:$B,B118,Transactions_PAC!$C:$C,A118) | E118: =SUMIFS(Transactions_Manual!$E:$E,Transactions_Manual!$B:$B,B118,Transactions_Manual!$C:$C,A118) | F118: =D118+E118 | G118: =C117 | H118: =IF(OR(G118="",A118="Savings"),"",C118-G118-F118) | I118: =IF(OR(H118="",G118=0), "", H118/G118)
A119: Global Gov Bond | B119: 45931 | C119: =SUMIFS(Month_End!$D:$D,Month_End!$A:$A,B119,Month_End!$B:$B,A119) | D119: =SUMIFS(Transactions_PAC!$H:$H,Transactions_PAC!$B:$B,B119,Transactions_PAC!$C:$C,A119) | E119: =SUMIFS(Transactions_Manual!$E:$E,Transactions_Manual!$B:$B,B119,Transactions_Manual!$C:$C,A119) | F119: =D119+E119 | H119: =IF(OR(G119="",A119="Savings"),"",C119-G119-F119) | I119: =IF(OR(H119="",G119=0), "", H119/G119)
A120: Global Gov Bond | B120: 45962 | C120: =SUMIFS(Month_End!$D:$D,Month_End!$A:$A,B120,Month_End!$B:$B,A120) | D120: =SUMIFS(Transactions_PAC!$H:$H,Transactions_PAC!$B:$B,B120,Transactions_PAC!$C:$C,A120) | E120: =SUMIFS(Transactions_Manual!$E:$E,Transactions_Manual!$B:$B,B120,Transactions_Manual!$C:$C,A120) | F120: =D120+E120 | G120: =C119 | H120: =IF(OR(G120="",A120="Savings"),"",C120-G120-F120) | I120: =IF(OR(H120="",G120=0), "", H120/G120)
A121: Global Gov Bond | B121: 45992 | C121: =SUMIFS(Month_End!$D:$D,Month_End!$A:$A,B121,Month_End!$B:$B,A121) | D121: =SUMIFS(Transactions_PAC!$H:$H,Transactions_PAC!$B:$B,B121,Transactions_PAC!$C:$C,A121) | E121: =SUMIFS(Transactions_Manual!$E:$E,Transactions_Manual!$B:$B,B121,Transactions_Manual!$C:$C,A121) | F121: =D121+E121 | G121: =C120 | H121: =IF(OR(G121="",A121="Savings"),"",C121-G121-F121) | I121: =IF(OR(H121="",G121=0), "", H121/G121)
A122: Global Gov Bond | B122: 46023 | C122: =SUMIFS(Month_End!$D:$D,Month_End!$A:$A,B122,Month_End!$B:$B,A122) | D122: =SUMIFS(Transactions_PAC!$H:$H,Transactions_PAC!$B:$B,B122,Transactions_PAC!$C:$C,A122) | E122: =SUMIFS(Transactions_Manual!$E:$E,Transactions_Manual!$B:$B,B122,Transactions_Manual!$C:$C,A122) | F122: =D122+E122 | G122: =C121 | H122: =IF(OR(G122="",A122="Savings"),"",C122-G122-F122) | I122: =IF(OR(H122="",G122=0), "", H122/G122)
A123: Global Gov Bond | B123: 46054 | C123: =SUMIFS(Month_End!$D:$D,Month_End!$A:$A,B123,Month_End!$B:$B,A123) | D123: =SUMIFS(Transactions_PAC!$H:$H,Transactions_PAC!$B:$B,B123,Transactions_PAC!$C:$C,A123) | E123: =SUMIFS(Transactions_Manual!$E:$E,Transactions_Manual!$B:$B,B123,Transactions_Manual!$C:$C,A123) | F123: =D123+E123 | G123: =C122 | H123: =IF(OR(G123="",A123="Savings"),"",C123-G123-F123) | I123: =IF(OR(H123="",G123=0), "", H123/G123)
A124: Global Gov Bond | B124: 46082 | C124: =SUMIFS(Month_End!$D:$D,Month_End!$A:$A,B124,Month_End!$B:$B,A124) | D124: =SUMIFS(Transactions_PAC!$H:$H,Transactions_PAC!$B:$B,B124,Transactions_PAC!$C:$C,A124) | E124: =SUMIFS(Transactions_Manual!$E:$E,Transactions_Manual!$B:$B,B124,Transactions_Manual!$C:$C,A124) | F124: =D124+E124 | G124: =C123 | H124: =IF(OR(G124="",A124="Savings"),"",C124-G124-F124) | I124: =IF(OR(H124="",G124=0), "", H124/G124)
A125: Global Gov Bond | B125: 46113 | C125: =SUMIFS(Month_End!$D:$D,Month_End!$A:$A,B125,Month_End!$B:$B,A125) | D125: =SUMIFS(Transactions_PAC!$H:$H,Transactions_PAC!$B:$B,B125,Transactions_PAC!$C:$C,A125) | E125: =SUMIFS(Transactions_Manual!$E:$E,Transactions_Manual!$B:$B,B125,Transactions_Manual!$C:$C,A125) | F125: =D125+E125 | G125: =C124 | H125: =IF(OR(G125="",A125="Savings"),"",C125-G125-F125) | I125: =IF(OR(H125="",G125=0), "", H125/G125)
A126: Global Gov Bond | B126: 46143 | C126: =SUMIFS(Month_End!$D:$D,Month_End!$A:$A,B126,Month_End!$B:$B,A126) | D126: =SUMIFS(Transactions_PAC!$H:$H,Transactions_PAC!$B:$B,B126,Transactions_PAC!$C:$C,A126) | E126: =SUMIFS(Transactions_Manual!$E:$E,Transactions_Manual!$B:$B,B126,Transactions_Manual!$C:$C,A126) | F126: =D126+E126 | G126: =C125 | H126: =IF(OR(G126="",A126="Savings"),"",C126-G126-F126) | I126: =IF(OR(H126="",G126=0), "", H126/G126)
A127: Global Gov Bond | B127: 46174 | C127: =SUMIFS(Month_End!$D:$D,Month_End!$A:$A,B127,Month_End!$B:$B,A127) | D127: =SUMIFS(Transactions_PAC!$H:$H,Transactions_PAC!$B:$B,B127,Transactions_PAC!$C:$C,A127) | E127: =SUMIFS(Transactions_Manual!$E:$E,Transactions_Manual!$B:$B,B127,Transactions_Manual!$C:$C,A127) | F127: =D127+E127 | G127: =C126 | H127: =IF(OR(G127="",A127="Savings"),"",C127-G127-F127) | I127: =IF(OR(H127="",G127=0), "", H127/G127)
A128: Global Gov Bond | B128: 46204 | C128: =SUMIFS(Month_End!$D:$D,Month_End!$A:$A,B128,Month_End!$B:$B,A128) | D128: =SUMIFS(Transactions_PAC!$H:$H,Transactions_PAC!$B:$B,B128,Transactions_PAC!$C:$C,A128) | E128: =SUMIFS(Transactions_Manual!$E:$E,Transactions_Manual!$B:$B,B128,Transactions_Manual!$C:$C,A128) | F128: =D128+E128 | G128: =C127 | H128: =IF(OR(G128="",A128="Savings"),"",C128-G128-F128) | I128: =IF(OR(H128="",G128=0), "", H128/G128)
A129: Global Gov Bond | B129: 46235 | C129: =SUMIFS(Month_End!$D:$D,Month_End!$A:$A,B129,Month_End!$B:$B,A129) | D129: =SUMIFS(Transactions_PAC!$H:$H,Transactions_PAC!$B:$B,B129,Transactions_PAC!$C:$C,A129) | E129: =SUMIFS(Transactions_Manual!$E:$E,Transactions_Manual!$B:$B,B129,Transactions_Manual!$C:$C,A129) | F129: =D129+E129 | G129: =C128 | H129: =IF(OR(G129="",A129="Savings"),"",C129-G129-F129) | I129: =IF(OR(H129="",G129=0), "", H129/G129)
A130: Global Gov Bond | B130: 46266 | C130: =SUMIFS(Month_End!$D:$D,Month_End!$A:$A,B130,Month_End!$B:$B,A130) | D130: =SUMIFS(Transactions_PAC!$H:$H,Transactions_PAC!$B:$B,B130,Transactions_PAC!$C:$C,A130) | E130: =SUMIFS(Transactions_Manual!$E:$E,Transactions_Manual!$B:$B,B130,Transactions_Manual!$C:$C,A130) | F130: =D130+E130 | G130: =C129 | H130: =IF(OR(G130="",A130="Savings"),"",C130-G130-F130) | I130: =IF(OR(H130="",G130=0), "", H130/G130)
A131: Global Gov Bond | B131: 46296 | C131: =SUMIFS(Month_End!$D:$D,Month_End!$A:$A,B131,Month_End!$B:$B,A131) | D131: =SUMIFS(Transactions_PAC!$H:$H,Transactions_PAC!$B:$B,B131,Transactions_PAC!$C:$C,A131) | E131: =SUMIFS(Transactions_Manual!$E:$E,Transactions_Manual!$B:$B,B131,Transactions_Manual!$C:$C,A131) | F131: =D131+E131 | G131: =C130 | H131: =IF(OR(G131="",A131="Savings"),"",C131-G131-F131) | I131: =IF(OR(H131="",G131=0), "", H131/G131)
... A157: Global Gov Bond | B157: 47088 | C157: =SUMIFS(Month_End!$D:$D,Month_End!$A:$A,B157,Month_End!$B:$B,A157) | D157: =SUMIFS(Transactions_PAC!$H:$H,Transactions_PAC!$B:$B,B157,Transactions_PAC!$C:$C,A157) | E157: =SUMIFS(Transactions_Manual!$E:$E,Transactions_Manual!$B:$B,B157,Transactions_Manual!$C:$C,A157) | F157: =D157+E157 | G157: =C156 | H157: =IF(OR(G157="",A157="Savings"),"",C157-G157-F157) | I157: =IF(OR(H157="",G157=0), "", H157/G157)
A158: Core EUR Corp Bond | B158: 45931 | C158: =SUMIFS(Month_End!$D:$D,Month_End!$A:$A,B158,Month_End!$B:$B,A158) | D158: =SUMIFS(Transactions_PAC!$H:$H,Transactions_PAC!$B:$B,B158,Transactions_PAC!$C:$C,A158) | E158: =SUMIFS(Transactions_Manual!$E:$E,Transactions_Manual!$B:$B,B158,Transactions_Manual!$C:$C,A158) | F158: =D158+E158 | H158: =IF(OR(G158="",A158="Savings"),"",C158-G158-F158) | I158: =IF(OR(H158="",G158=0), "", H158/G158)
A159: Core EUR Corp Bond | B159: 45962 | C159: =SUMIFS(Month_End!$D:$D,Month_End!$A:$A,B159,Month_End!$B:$B,A159) | D159: =SUMIFS(Transactions_PAC!$H:$H,Transactions_PAC!$B:$B,B159,Transactions_PAC!$C:$C,A159) | E159: =SUMIFS(Transactions_Manual!$E:$E,Transactions_Manual!$B:$B,B159,Transactions_Manual!$C:$C,A159) | F159: =D159+E159 | G159: =C158 | H159: =IF(OR(G159="",A159="Savings"),"",C159-G159-F159) | I159: =IF(OR(H159="",G159=0), "", H159/G159)
A160: Core EUR Corp Bond | B160: 45992 | C160: =SUMIFS(Month_End!$D:$D,Month_End!$A:$A,B160,Month_End!$B:$B,A160) | D160: =SUMIFS(Transactions_PAC!$H:$H,Transactions_PAC!$B:$B,B160,Transactions_PAC!$C:$C,A160) | E160: =SUMIFS(Transactions_Manual!$E:$E,Transactions_Manual!$B:$B,B160,Transactions_Manual!$C:$C,A160) | F160: =D160+E160 | G160: =C159 | H160: =IF(OR(G160="",A160="Savings"),"",C160-G160-F160) | I160: =IF(OR(H160="",G160=0), "", H160/G160)
A161: Core EUR Corp Bond | B161: 46023 | C161: =SUMIFS(Month_End!$D:$D,Month_End!$A:$A,B161,Month_End!$B:$B,A161) | D161: =SUMIFS(Transactions_PAC!$H:$H,Transactions_PAC!$B:$B,B161,Transactions_PAC!$C:$C,A161) | E161: =SUMIFS(Transactions_Manual!$E:$E,Transactions_Manual!$B:$B,B161,Transactions_Manual!$C:$C,A161) | F161: =D161+E161 | G161: =C160 | H161: =IF(OR(G161="",A161="Savings"),"",C161-G161-F161) | I161: =IF(OR(H161="",G161=0), "", H161/G161)
A162: Core EUR Corp Bond | B162: 46054 | C162: =SUMIFS(Month_End!$D:$D,Month_End!$A:$A,B162,Month_End!$B:$B,A162) | D162: =SUMIFS(Transactions_PAC!$H:$H,Transactions_PAC!$B:$B,B162,Transactions_PAC!$C:$C,A162) | E162: =SUMIFS(Transactions_Manual!$E:$E,Transactions_Manual!$B:$B,B162,Transactions_Manual!$C:$C,A162) | F162: =D162+E162 | G162: =C161 | H162: =IF(OR(G162="",A162="Savings"),"",C162-G162-F162) | I162: =IF(OR(H162="",G162=0), "", H162/G162)
A163: Core EUR Corp Bond | B163: 46082 | C163: =SUMIFS(Month_End!$D:$D,Month_End!$A:$A,B163,Month_End!$B:$B,A163) | D163: =SUMIFS(Transactions_PAC!$H:$H,Transactions_PAC!$B:$B,B163,Transactions_PAC!$C:$C,A163) | E163: =SUMIFS(Transactions_Manual!$E:$E,Transactions_Manual!$B:$B,B163,Transactions_Manual!$C:$C,A163) | F163: =D163+E163 | G163: =C162 | H163: =IF(OR(G163="",A163="Savings"),"",C163-G163-F163) | I163: =IF(OR(H163="",G163=0), "", H163/G163)
A164: Core EUR Corp Bond | B164: 46113 | C164: =SUMIFS(Month_End!$D:$D,Month_End!$A:$A,B164,Month_End!$B:$B,A164) | D164: =SUMIFS(Transactions_PAC!$H:$H,Transactions_PAC!$B:$B,B164,Transactions_PAC!$C:$C,A164) | E164: =SUMIFS(Transactions_Manual!$E:$E,Transactions_Manual!$B:$B,B164,Transactions_Manual!$C:$C,A164) | F164: =D164+E164 | G164: =C163 | H164: =IF(OR(G164="",A164="Savings"),"",C164-G164-F164) | I164: =IF(OR(H164="",G164=0), "", H164/G164)
A165: Core EUR Corp Bond | B165: 46143 | C165: =SUMIFS(Month_End!$D:$D,Month_End!$A:$A,B165,Month_End!$B:$B,A165) | D165: =SUMIFS(Transactions_PAC!$H:$H,Transactions_PAC!$B:$B,B165,Transactions_PAC!$C:$C,A165) | E165: =SUMIFS(Transactions_Manual!$E:$E,Transactions_Manual!$B:$B,B165,Transactions_Manual!$C:$C,A165) | F165: =D165+E165 | G165: =C164 | H165: =IF(OR(G165="",A165="Savings"),"",C165-G165-F165) | I165: =IF(OR(H165="",G165=0), "", H165/G165)
A166: Core EUR Corp Bond | B166: 46174 | C166: =SUMIFS(Month_End!$D:$D,Month_End!$A:$A,B166,Month_End!$B:$B,A166) | D166: =SUMIFS(Transactions_PAC!$H:$H,Transactions_PAC!$B:$B,B166,Transactions_PAC!$C:$C,A166) | E166: =SUMIFS(Transactions_Manual!$E:$E,Transactions_Manual!$B:$B,B166,Transactions_Manual!$C:$C,A166) | F166: =D166+E166 | G166: =C165 | H166: =IF(OR(G166="",A166="Savings"),"",C166-G166-F166) | I166: =IF(OR(H166="",G166=0), "", H166/G166)
A167: Core EUR Corp Bond | B167: 46204 | C167: =SUMIFS(Month_End!$D:$D,Month_End!$A:$A,B167,Month_End!$B:$B,A167) | D167: =SUMIFS(Transactions_PAC!$H:$H,Transactions_PAC!$B:$B,B167,Transactions_PAC!$C:$C,A167) | E167: =SUMIFS(Transactions_Manual!$E:$E,Transactions_Manual!$B:$B,B167,Transactions_Manual!$C:$C,A167) | F167: =D167+E167 | G167: =C166 | H167: =IF(OR(G167="",A167="Savings"),"",C167-G167-F167) | I167: =IF(OR(H167="",G167=0), "", H167/G167)
A168: Core EUR Corp Bond | B168: 46235 | C168: =SUMIFS(Month_End!$D:$D,Month_End!$A:$A,B168,Month_End!$B:$B,A168) | D168: =SUMIFS(Transactions_PAC!$H:$H,Transactions_PAC!$B:$B,B168,Transactions_PAC!$C:$C,A168) | E168: =SUMIFS(Transactions_Manual!$E:$E,Transactions_Manual!$B:$B,B168,Transactions_Manual!$C:$C,A168) | F168: =D168+E168 | G168: =C167 | H168: =IF(OR(G168="",A168="Savings"),"",C168-G168-F168) | I168: =IF(OR(H168="",G168=0), "", H168/G168)
A169: Core EUR Corp Bond | B169: 46266 | C169: =SUMIFS(Month_End!$D:$D,Month_End!$A:$A,B169,Month_End!$B:$B,A169) | D169: =SUMIFS(Transactions_PAC!$H:$H,Transactions_PAC!$B:$B,B169,Transactions_PAC!$C:$C,A169) | E169: =SUMIFS(Transactions_Manual!$E:$E,Transactions_Manual!$B:$B,B169,Transactions_Manual!$C:$C,A169) | F169: =D169+E169 | G169: =C168 | H169: =IF(OR(G169="",A169="Savings"),"",C169-G169-F169) | I169: =IF(OR(H169="",G169=0), "", H169/G169)
A170: Core EUR Corp Bond | B170: 46296 | C170: =SUMIFS(Month_End!$D:$D,Month_End!$A:$A,B170,Month_End!$B:$B,A170) | D170: =SUMIFS(Transactions_PAC!$H:$H,Transactions_PAC!$B:$B,B170,Transactions_PAC!$C:$C,A170) | E170: =SUMIFS(Transactions_Manual!$E:$E,Transactions_Manual!$B:$B,B170,Transactions_Manual!$C:$C,A170) | F170: =D170+E170 | G170: =C169 | H170: =IF(OR(G170="",A170="Savings"),"",C170-G170-F170) | I170: =IF(OR(H170="",G170=0), "", H170/G170)
... A196: Core EUR Corp Bond | B196: 47088 | C196: =SUMIFS(Month_End!$D:$D,Month_End!$A:$A,B196,Month_End!$B:$B,A196) | D196: =SUMIFS(Transactions_PAC!$H:$H,Transactions_PAC!$B:$B,B196,Transactions_PAC!$C:$C,A196) | E196: =SUMIFS(Transactions_Manual!$E:$E,Transactions_Manual!$B:$B,B196,Transactions_Manual!$C:$C,A196) | F196: =D196+E196 | G196: =C195 | H196: =IF(OR(G196="",A196="Savings"),"",C196-G196-F196) | I196: =IF(OR(H196="",G196=0), "", H196/G196)
A197: MSCI World Value | B197: 45931 | C197: =SUMIFS(Month_End!$D:$D,Month_End!$A:$A,B197,Month_End!$B:$B,A197) | D197: =SUMIFS(Transactions_PAC!$H:$H,Transactions_PAC!$B:$B,B197,Transactions_PAC!$C:$C,A197) | E197: =SUMIFS(Transactions_Manual!$E:$E,Transactions_Manual!$B:$B,B197,Transactions_Manual!$C:$C,A197) | F197: =D197+E197 | H197: =IF(OR(G197="",A197="Savings"),"",C197-G197-F197) | I197: =IF(OR(H197="",G197=0), "", H197/G197)
A198: MSCI World Value | B198: 45962 | C198: =SUMIFS(Month_End!$D:$D,Month_End!$A:$A,B198,Month_End!$B:$B,A198) | D198: =SUMIFS(Transactions_PAC!$H:$H,Transactions_PAC!$B:$B,B198,Transactions_PAC!$C:$C,A198) | E198: =SUMIFS(Transactions_Manual!$E:$E,Transactions_Manual!$B:$B,B198,Transactions_Manual!$C:$C,A198) | F198: =D198+E198 | G198: =C197 | H198: =IF(OR(G198="",A198="Savings"),"",C198-G198-F198) | I198: =IF(OR(H198="",G198=0), "", H198/G198)
A199: MSCI World Value | B199: 45992 | C199: =SUMIFS(Month_End!$D:$D,Month_End!$A:$A,B199,Month_End!$B:$B,A199) | D199: =SUMIFS(Transactions_PAC!$H:$H,Transactions_PAC!$B:$B,B199,Transactions_PAC!$C:$C,A199) | E199: =SUMIFS(Transactions_Manual!$E:$E,Transactions_Manual!$B:$B,B199,Transactions_Manual!$C:$C,A199) | F199: =D199+E199 | G199: =C198 | H199: =IF(OR(G199="",A199="Savings"),"",C199-G199-F199) | I199: =IF(OR(H199="",G199=0), "", H199/G199)
A200: MSCI World Value | B200: 46023 | C200: =SUMIFS(Month_End!$D:$D,Month_End!$A:$A,B200,Month_End!$B:$B,A200) | D200: =SUMIFS(Transactions_PAC!$H:$H,Transactions_PAC!$B:$B,B200,Transactions_PAC!$C:$C,A200) | E200: =SUMIFS(Transactions_Manual!$E:$E,Transactions_Manual!$B:$B,B200,Transactions_Manual!$C:$C,A200) | F200: =D200+E200 | G200: =C199 | H200: =IF(OR(G200="",A200="Savings"),"",C200-G200-F200) | I200: =IF(OR(H200="",G200=0), "", H200/G200)
A201: MSCI World Value | B201: 46054 | C201: =SUMIFS(Month_End!$D:$D,Month_End!$A:$A,B201,Month_End!$B:$B,A201) | D201: =SUMIFS(Transactions_PAC!$H:$H,Transactions_PAC!$B:$B,B201,Transactions_PAC!$C:$C,A201) | E201: =SUMIFS(Transactions_Manual!$E:$E,Transactions_Manual!$B:$B,B201,Transactions_Manual!$C:$C,A201) | F201: =D201+E201 | G201: =C200 | H201: =IF(OR(G201="",A201="Savings"),"",C201-G201-F201) | I201: =IF(OR(H201="",G201=0), "", H201/G201)
A202: MSCI World Value | B202: 46082 | C202: =SUMIFS(Month_End!$D:$D,Month_End!$A:$A,B202,Month_End!$B:$B,A202) | D202: =SUMIFS(Transactions_PAC!$H:$H,Transactions_PAC!$B:$B,B202,Transactions_PAC!$C:$C,A202) | E202: =SUMIFS(Transactions_Manual!$E:$E,Transactions_Manual!$B:$B,B202,Transactions_Manual!$C:$C,A202) | F202: =D202+E202 | G202: =C201 | H202: =IF(OR(G202="",A202="Savings"),"",C202-G202-F202) | I202: =IF(OR(H202="",G202=0), "", H202/G202)
A203: MSCI World Value | B203: 46113 | C203: =SUMIFS(Month_End!$D:$D,Month_End!$A:$A,B203,Month_End!$B:$B,A203) | D203: =SUMIFS(Transactions_PAC!$H:$H,Transactions_PAC!$B:$B,B203,Transactions_PAC!$C:$C,A203) | E203: =SUMIFS(Transactions_Manual!$E:$E,Transactions_Manual!$B:$B,B203,Transactions_Manual!$C:$C,A203) | F203: =D203+E203 | G203: =C202 | H203: =IF(OR(G203="",A203="Savings"),"",C203-G203-F203) | I203: =IF(OR(H203="",G203=0), "", H203/G203)
A204: MSCI World Value | B204: 46143 | C204: =SUMIFS(Month_End!$D:$D,Month_End!$A:$A,B204,Month_End!$B:$B,A204) | D204: =SUMIFS(Transactions_PAC!$H:$H,Transactions_PAC!$B:$B,B204,Transactions_PAC!$C:$C,A204) | E204: =SUMIFS(Transactions_Manual!$E:$E,Transactions_Manual!$B:$B,B204,Transactions_Manual!$C:$C,A204) | F204: =D204+E204 | G204: =C203 | H204: =IF(OR(G204="",A204="Savings"),"",C204-G204-F204) | I204: =IF(OR(H204="",G204=0), "", H204/G204)
A205: MSCI World Value | B205: 46174 | C205: =SUMIFS(Month_End!$D:$D,Month_End!$A:$A,B205,Month_End!$B:$B,A205) | D205: =SUMIFS(Transactions_PAC!$H:$H,Transactions_PAC!$B:$B,B205,Transactions_PAC!$C:$C,A205) | E205: =SUMIFS(Transactions_Manual!$E:$E,Transactions_Manual!$B:$B,B205,Transactions_Manual!$C:$C,A205) | F205: =D205+E205 | G205: =C204 | H205: =IF(OR(G205="",A205="Savings"),"",C205-G205-F205) | I205: =IF(OR(H205="",G205=0), "", H205/G205)
A206: MSCI World Value | B206: 46204 | C206: =SUMIFS(Month_End!$D:$D,Month_End!$A:$A,B206,Month_End!$B:$B,A206) | D206: =SUMIFS(Transactions_PAC!$H:$H,Transactions_PAC!$B:$B,B206,Transactions_PAC!$C:$C,A206) | E206: =SUMIFS(Transactions_Manual!$E:$E,Transactions_Manual!$B:$B,B206,Transactions_Manual!$C:$C,A206) | F206: =D206+E206 | G206: =C205 | H206: =IF(OR(G206="",A206="Savings"),"",C206-G206-F206) | I206: =IF(OR(H206="",G206=0), "", H206/G206)
A207: MSCI World Value | B207: 46235 | C207: =SUMIFS(Month_End!$D:$D,Month_End!$A:$A,B207,Month_End!$B:$B,A207) | D207: =SUMIFS(Transactions_PAC!$H:$H,Transactions_PAC!$B:$B,B207,Transactions_PAC!$C:$C,A207) | E207: =SUMIFS(Transactions_Manual!$E:$E,Transactions_Manual!$B:$B,B207,Transactions_Manual!$C:$C,A207) | F207: =D207+E207 | G207: =C206 | H207: =IF(OR(G207="",A207="Savings"),"",C207-G207-F207) | I207: =IF(OR(H207="",G207=0), "", H207/G207)
A208: MSCI World Value | B208: 46266 | C208: =SUMIFS(Month_End!$D:$D,Month_End!$A:$A,B208,Month_End!$B:$B,A208) | D208: =SUMIFS(Transactions_PAC!$H:$H,Transactions_PAC!$B:$B,B208,Transactions_PAC!$C:$C,A208) | E208: =SUMIFS(Transactions_Manual!$E:$E,Transactions_Manual!$B:$B,B208,Transactions_Manual!$C:$C,A208) | F208: =D208+E208 | G208: =C207 | H208: =IF(OR(G208="",A208="Savings"),"",C208-G208-F208) | I208: =IF(OR(H208="",G208=0), "", H208/G208)
A209: MSCI World Value | B209: 46296 | C209: =SUMIFS(Month_End!$D:$D,Month_End!$A:$A,B209,Month_End!$B:$B,A209) | D209: =SUMIFS(Transactions_PAC!$H:$H,Transactions_PAC!$B:$B,B209,Transactions_PAC!$C:$C,A209) | E209: =SUMIFS(Transactions_Manual!$E:$E,Transactions_Manual!$B:$B,B209,Transactions_Manual!$C:$C,A209) | F209: =D209+E209 | G209: =C208 | H209: =IF(OR(G209="",A209="Savings"),"",C209-G209-F209) | I209: =IF(OR(H209="",G209=0), "", H209/G209)
... A235: MSCI World Value | B235: 47088 | C235: =SUMIFS(Month_End!$D:$D,Month_End!$A:$A,B235,Month_End!$B:$B,A235) | D235: =SUMIFS(Transactions_PAC!$H:$H,Transactions_PAC!$B:$B,B235,Transactions_PAC!$C:$C,A235) | E235: =SUMIFS(Transactions_Manual!$E:$E,Transactions_Manual!$B:$B,B235,Transactions_Manual!$C:$C,A235) | F235: =D235+E235 | G235: =C234 | H235: =IF(OR(G235="",A235="Savings"),"",C235-G235-F235) | I235: =IF(OR(H235="",G235=0), "", H235/G235)
A236: MSCI EM | B236: 45931 | C236: =SUMIFS(Month_End!$D:$D,Month_End!$A:$A,B236,Month_End!$B:$B,A236) | D236: =SUMIFS(Transactions_PAC!$H:$H,Transactions_PAC!$B:$B,B236,Transactions_PAC!$C:$C,A236) | E236: =SUMIFS(Transactions_Manual!$E:$E,Transactions_Manual!$B:$B,B236,Transactions_Manual!$C:$C,A236) | F236: =D236+E236 | H236: =IF(OR(G236="",A236="Savings"),"",C236-G236-F236) | I236: =IF(OR(H236="",G236=0), "", H236/G236)
A237: MSCI EM | B237: 45962 | C237: =SUMIFS(Month_End!$D:$D,Month_End!$A:$A,B237,Month_End!$B:$B,A237) | D237: =SUMIFS(Transactions_PAC!$H:$H,Transactions_PAC!$B:$B,B237,Transactions_PAC!$C:$C,A237) | E237: =SUMIFS(Transactions_Manual!$E:$E,Transactions_Manual!$B:$B,B237,Transactions_Manual!$C:$C,A237) | F237: =D237+E237 | G237: =C236 | H237: =IF(OR(G237="",A237="Savings"),"",C237-G237-F237) | I237: =IF(OR(H237="",G237=0), "", H237/G237)
A238: MSCI EM | B238: 45992 | C238: =SUMIFS(Month_End!$D:$D,Month_End!$A:$A,B238,Month_End!$B:$B,A238) | D238: =SUMIFS(Transactions_PAC!$H:$H,Transactions_PAC!$B:$B,B238,Transactions_PAC!$C:$C,A238) | E238: =SUMIFS(Transactions_Manual!$E:$E,Transactions_Manual!$B:$B,B238,Transactions_Manual!$C:$C,A238) | F238: =D238+E238 | G238: =C237 | H238: =IF(OR(G238="",A238="Savings"),"",C238-G238-F238) | I238: =IF(OR(H238="",G238=0), "", H238/G238)
A239: MSCI EM | B239: 46023 | C239: =SUMIFS(Month_End!$D:$D,Month_End!$A:$A,B239,Month_End!$B:$B,A239) | D239: =SUMIFS(Transactions_PAC!$H:$H,Transactions_PAC!$B:$B,B239,Transactions_PAC!$C:$C,A239) | E239: =SUMIFS(Transactions_Manual!$E:$E,Transactions_Manual!$B:$B,B239,Transactions_Manual!$C:$C,A239) | F239: =D239+E239 | G239: =C238 | H239: =IF(OR(G239="",A239="Savings"),"",C239-G239-F239) | I239: =IF(OR(H239="",G239=0), "", H239/G239)
A240: MSCI EM | B240: 46054 | C240: =SUMIFS(Month_End!$D:$D,Month_End!$A:$A,B240,Month_End!$B:$B,A240) | D240: =SUMIFS(Transactions_PAC!$H:$H,Transactions_PAC!$B:$B,B240,Transactions_PAC!$C:$C,A240) | E240: =SUMIFS(Transactions_Manual!$E:$E,Transactions_Manual!$B:$B,B240,Transactions_Manual!$C:$C,A240) | F240: =D240+E240 | G240: =C239 | H240: =IF(OR(G240="",A240="Savings"),"",C240-G240-F240) | I240: =IF(OR(H240="",G240=0), "", H240/G240)
A241: MSCI EM | B241: 46082 | C241: =SUMIFS(Month_End!$D:$D,Month_End!$A:$A,B241,Month_End!$B:$B,A241) | D241: =SUMIFS(Transactions_PAC!$H:$H,Transactions_PAC!$B:$B,B241,Transactions_PAC!$C:$C,A241) | E241: =SUMIFS(Transactions_Manual!$E:$E,Transactions_Manual!$B:$B,B241,Transactions_Manual!$C:$C,A241) | F241: =D241+E241 | G241: =C240 | H241: =IF(OR(G241="",A241="Savings"),"",C241-G241-F241) | I241: =IF(OR(H241="",G241=0), "", H241/G241)
A242: MSCI EM | B242: 46113 | C242: =SUMIFS(Month_End!$D:$D,Month_End!$A:$A,B242,Month_End!$B:$B,A242) | D242: =SUMIFS(Transactions_PAC!$H:$H,Transactions_PAC!$B:$B,B242,Transactions_PAC!$C:$C,A242) | E242: =SUMIFS(Transactions_Manual!$E:$E,Transactions_Manual!$B:$B,B242,Transactions_Manual!$C:$C,A242) | F242: =D242+E242 | G242: =C241 | H242: =IF(OR(G242="",A242="Savings"),"",C242-G242-F242) | I242: =IF(OR(H242="",G242=0), "", H242/G242)
A243: MSCI EM | B243: 46143 | C243: =SUMIFS(Month_End!$D:$D,Month_End!$A:$A,B243,Month_End!$B:$B,A243) | D243: =SUMIFS(Transactions_PAC!$H:$H,Transactions_PAC!$B:$B,B243,Transactions_PAC!$C:$C,A243) | E243: =SUMIFS(Transactions_Manual!$E:$E,Transactions_Manual!$B:$B,B243,Transactions_Manual!$C:$C,A243) | F243: =D243+E243 | G243: =C242 | H243: =IF(OR(G243="",A243="Savings"),"",C243-G243-F243) | I243: =IF(OR(H243="",G243=0), "", H243/G243)
A244: MSCI EM | B244: 46174 | C244: =SUMIFS(Month_End!$D:$D,Month_End!$A:$A,B244,Month_End!$B:$B,A244) | D244: =SUMIFS(Transactions_PAC!$H:$H,Transactions_PAC!$B:$B,B244,Transactions_PAC!$C:$C,A244) | E244: =SUMIFS(Transactions_Manual!$E:$E,Transactions_Manual!$B:$B,B244,Transactions_Manual!$C:$C,A244) | F244: =D244+E244 | G244: =C243 | H244: =IF(OR(G244="",A244="Savings"),"",C244-G244-F244) | I244: =IF(OR(H244="",G244=0), "", H244/G244)
A245: MSCI EM | B245: 46204 | C245: =SUMIFS(Month_End!$D:$D,Month_End!$A:$A,B245,Month_End!$B:$B,A245) | D245: =SUMIFS(Transactions_PAC!$H:$H,Transactions_PAC!$B:$B,B245,Transactions_PAC!$C:$C,A245) | E245: =SUMIFS(Transactions_Manual!$E:$E,Transactions_Manual!$B:$B,B245,Transactions_Manual!$C:$C,A245) | F245: =D245+E245 | G245: =C244 | H245: =IF(OR(G245="",A245="Savings"),"",C245-G245-F245) | I245: =IF(OR(H245="",G245=0), "", H245/G245)
A246: MSCI EM | B246: 46235 | C246: =SUMIFS(Month_End!$D:$D,Month_End!$A:$A,B246,Month_End!$B:$B,A246) | D246: =SUMIFS(Transactions_PAC!$H:$H,Transactions_PAC!$B:$B,B246,Transactions_PAC!$C:$C,A246) | E246: =SUMIFS(Transactions_Manual!$E:$E,Transactions_Manual!$B:$B,B246,Transactions_Manual!$C:$C,A246) | F246: =D246+E246 | G246: =C245 | H246: =IF(OR(G246="",A246="Savings"),"",C246-G246-F246) | I246: =IF(OR(H246="",G246=0), "", H246/G246)
A247: MSCI EM | B247: 46266 | C247: =SUMIFS(Month_End!$D:$D,Month_End!$A:$A,B247,Month_End!$B:$B,A247) | D247: =SUMIFS(Transactions_PAC!$H:$H,Transactions_PAC!$B:$B,B247,Transactions_PAC!$C:$C,A247) | E247: =SUMIFS(Transactions_Manual!$E:$E,Transactions_Manual!$B:$B,B247,Transactions_Manual!$C:$C,A247) | F247: =D247+E247 | G247: =C246 | H247: =IF(OR(G247="",A247="Savings"),"",C247-G247-F247) | I247: =IF(OR(H247="",G247=0), "", H247/G247)
A248: MSCI EM | B248: 46296 | C248: =SUMIFS(Month_End!$D:$D,Month_End!$A:$A,B248,Month_End!$B:$B,A248) | D248: =SUMIFS(Transactions_PAC!$H:$H,Transactions_PAC!$B:$B,B248,Transactions_PAC!$C:$C,A248) | E248: =SUMIFS(Transactions_Manual!$E:$E,Transactions_Manual!$B:$B,B248,Transactions_Manual!$C:$C,A248) | F248: =D248+E248 | G248: =C247 | H248: =IF(OR(G248="",A248="Savings"),"",C248-G248-F248) | I248: =IF(OR(H248="",G248=0), "", H248/G248)
... A274: MSCI EM | B274: 47088 | C274: =SUMIFS(Month_End!$D:$D,Month_End!$A:$A,B274,Month_End!$B:$B,A274) | D274: =SUMIFS(Transactions_PAC!$H:$H,Transactions_PAC!$B:$B,B274,Transactions_PAC!$C:$C,A274) | E274: =SUMIFS(Transactions_Manual!$E:$E,Transactions_Manual!$B:$B,B274,Transactions_Manual!$C:$C,A274) | F274: =D274+E274 | G274: =C273 | H274: =IF(OR(G274="",A274="Savings"),"",C274-G274-F274) | I274: =IF(OR(H274="",G274=0), "", H274/G274)
A275: Defence Tech | B275: 45931 | C275: =SUMIFS(Month_End!$D:$D,Month_End!$A:$A,B275,Month_End!$B:$B,A275) | D275: =SUMIFS(Transactions_PAC!$H:$H,Transactions_PAC!$B:$B,B275,Transactions_PAC!$C:$C,A275) | E275: =SUMIFS(Transactions_Manual!$E:$E,Transactions_Manual!$B:$B,B275,Transactions_Manual!$C:$C,A275) | F275: =D275+E275 | H275: =IF(OR(G275="",A275="Savings"),"",C275-G275-F275) | I275: =IF(OR(H275="",G275=0), "", H275/G275)
...

Sheet Dashboard
A1: Portfolio Dashboard | J1: Month | K1: ETF Total | L1: Savings | M1: Total Portfolio | N1: ETF Flow | O1: ETF PnL
J2: 45931 | K2: =SUMIFS(Summary!$C:$C,Summary!$B:$B,$J2,Summary!$A:$A,"<>Savings") | L2: =SUMIFS(Summary!$C:$C,Summary!$B:$B,$J2,Summary!$A:$A,"Savings") | M2: =K2+L2 | N2: =SUMIFS(Summary!$F:$F,Summary!$B:$B,$J2,Summary!$A:$A,"<>Savings") | O2: =SUMIFS(Summary!$H:$H,Summary!$B:$B,$J2,Summary!$A:$A,"<>Savings")
A3: Selected month | B3: 46082 | J3: 45962 | K3: =SUMIFS(Summary!$C:$C,Summary!$B:$B,$J3,Summary!$A:$A,"<>Savings") | L3: =SUMIFS(Summary!$C:$C,Summary!$B:$B,$J3,Summary!$A:$A,"Savings") | M3: =K3+L3 | N3: =SUMIFS(Summary!$F:$F,Summary!$B:$B,$J3,Summary!$A:$A,"<>Savings") | O3: =SUMIFS(Summary!$H:$H,Summary!$B:$B,$J3,Summary!$A:$A,"<>Savings")
J4: 45992 | K4: =SUMIFS(Summary!$C:$C,Summary!$B:$B,$J4,Summary!$A:$A,"<>Savings") | L4: =SUMIFS(Summary!$C:$C,Summary!$B:$B,$J4,Summary!$A:$A,"Savings") | M4: =K4+L4 | N4: =SUMIFS(Summary!$F:$F,Summary!$B:$B,$J4,Summary!$A:$A,"<>Savings") | O4: =SUMIFS(Summary!$H:$H,Summary!$B:$B,$J4,Summary!$A:$A,"<>Savings")
A5: Asset | B5: End_Value | C5: Monthly_Flow | D5: Perf_% | E5: ETF Total | F5: =SUM(B6:B13) | J5: 46023 | K5: =SUMIFS(Summary!$C:$C,Summary!$B:$B,$J5,Summary!$A:$A,"<>Savings") | L5: =SUMIFS(Summary!$C:$C,Summary!$B:$B,$J5,Summary!$A:$A,"Savings") | M5: =K5+L5 | N5: =SUMIFS(Summary!$F:$F,Summary!$B:$B,$J5,Summary!$A:$A,"<>Savings") | O5: =SUMIFS(Summary!$H:$H,Summary!$B:$B,$J5,Summary!$A:$A,"<>Savings")
A6: Core MSCI World | B6: =SUMIFS(Summary!$C:$C,Summary!$A:$A,$A6,Summary!$B:$B,$B$3) | C6: =SUMIFS(Summary!$F:$F,Summary!$A:$A,$A6,Summary!$B:$B,$B$3) | D6: =SUMIFS(Summary!$I:$I,Summary!$A:$A,$A6,Summary!$B:$B,$B$3) | E6: Savings | F6: =B14 | J6: 46054 | K6: =SUMIFS(Summary!$C:$C,Summary!$B:$B,$J6,Summary!$A:$A,"<>Savings") | L6: =SUMIFS(Summary!$C:$C,Summary!$B:$B,$J6,Summary!$A:$A,"Savings") | M6: =K6+L6 | N6: =SUMIFS(Summary!$F:$F,Summary!$B:$B,$J6,Summary!$A:$A,"<>Savings") | O6: =SUMIFS(Summary!$H:$H,Summary!$B:$B,$J6,Summary!$A:$A,"<>Savings")
A7: AI & Big Data | B7: =SUMIFS(Summary!$C:$C,Summary!$A:$A,$A7,Summary!$B:$B,$B$3) | C7: =SUMIFS(Summary!$F:$F,Summary!$A:$A,$A7,Summary!$B:$B,$B$3) | D7: =SUMIFS(Summary!$I:$I,Summary!$A:$A,$A7,Summary!$B:$B,$B$3) | E7: Total Portfolio | F7: =F5+F6 | J7: 46082 | K7: =SUMIFS(Summary!$C:$C,Summary!$B:$B,$J7,Summary!$A:$A,"<>Savings") | L7: =SUMIFS(Summary!$C:$C,Summary!$B:$B,$J7,Summary!$A:$A,"Savings") | M7: =K7+L7 | N7: =SUMIFS(Summary!$F:$F,Summary!$B:$B,$J7,Summary!$A:$A,"<>Savings") | O7: =SUMIFS(Summary!$H:$H,Summary!$B:$B,$J7,Summary!$A:$A,"<>Savings")
A8: Physical Gold | B8: =SUMIFS(Summary!$C:$C,Summary!$A:$A,$A8,Summary!$B:$B,$B$3) | C8: =SUMIFS(Summary!$F:$F,Summary!$A:$A,$A8,Summary!$B:$B,$B$3) | D8: =SUMIFS(Summary!$I:$I,Summary!$A:$A,$A8,Summary!$B:$B,$B$3) | E8: ETF % | F8: =IF(F7=0,0,F5/F7) | J8: 46113 | K8: =SUMIFS(Summary!$C:$C,Summary!$B:$B,$J8,Summary!$A:$A,"<>Savings") | L8: =SUMIFS(Summary!$C:$C,Summary!$B:$B,$J8,Summary!$A:$A,"Savings") | M8: =K8+L8 | N8: =SUMIFS(Summary!$F:$F,Summary!$B:$B,$J8,Summary!$A:$A,"<>Savings") | O8: =SUMIFS(Summary!$H:$H,Summary!$B:$B,$J8,Summary!$A:$A,"<>Savings")
A9: Global Gov Bond | B9: =SUMIFS(Summary!$C:$C,Summary!$A:$A,$A9,Summary!$B:$B,$B$3) | C9: =SUMIFS(Summary!$F:$F,Summary!$A:$A,$A9,Summary!$B:$B,$B$3) | D9: =SUMIFS(Summary!$I:$I,Summary!$A:$A,$A9,Summary!$B:$B,$B$3) | E9: Savings % | F9: =IF(F7=0,0,F6/F7) | J9: 46143 | K9: =SUMIFS(Summary!$C:$C,Summary!$B:$B,$J9,Summary!$A:$A,"<>Savings") | L9: =SUMIFS(Summary!$C:$C,Summary!$B:$B,$J9,Summary!$A:$A,"Savings") | M9: =K9+L9 | N9: =SUMIFS(Summary!$F:$F,Summary!$B:$B,$J9,Summary!$A:$A,"<>Savings") | O9: =SUMIFS(Summary!$H:$H,Summary!$B:$B,$J9,Summary!$A:$A,"<>Savings")
A10: Core EUR Corp Bond | B10: =SUMIFS(Summary!$C:$C,Summary!$A:$A,$A10,Summary!$B:$B,$B$3) | C10: =SUMIFS(Summary!$F:$F,Summary!$A:$A,$A10,Summary!$B:$B,$B$3) | D10: =SUMIFS(Summary!$I:$I,Summary!$A:$A,$A10,Summary!$B:$B,$B$3) | E10: Monthly ETF Flow | F10: =SUM(C6:C13) | J10: 46174 | K10: =SUMIFS(Summary!$C:$C,Summary!$B:$B,$J10,Summary!$A:$A,"<>Savings") | L10: =SUMIFS(Summary!$C:$C,Summary!$B:$B,$J10,Summary!$A:$A,"Savings") | M10: =K10+L10 | N10: =SUMIFS(Summary!$F:$F,Summary!$B:$B,$J10,Summary!$A:$A,"<>Savings") | O10: =SUMIFS(Summary!$H:$H,Summary!$B:$B,$J10,Summary!$A:$A,"<>Savings")
A11: MSCI World Value | B11: =SUMIFS(Summary!$C:$C,Summary!$A:$A,$A11,Summary!$B:$B,$B$3) | C11: =SUMIFS(Summary!$F:$F,Summary!$A:$A,$A11,Summary!$B:$B,$B$3) | D11: =SUMIFS(Summary!$I:$I,Summary!$A:$A,$A11,Summary!$B:$B,$B$3) | E11: Monthly ETF PnL | F11: =SUMIFS(Summary!$H:$H,Summary!$B:$B,$B$3,Summary!$A:$A,"<>Savings") | J11: 46204 | K11: =SUMIFS(Summary!$C:$C,Summary!$B:$B,$J11,Summary!$A:$A,"<>Savings") | L11: =SUMIFS(Summary!$C:$C,Summary!$B:$B,$J11,Summary!$A:$A,"Savings") | M11: =K11+L11 | N11: =SUMIFS(Summary!$F:$F,Summary!$B:$B,$J11,Summary!$A:$A,"<>Savings") | O11: =SUMIFS(Summary!$H:$H,Summary!$B:$B,$J11,Summary!$A:$A,"<>Savings")
A12: MSCI EM | B12: =SUMIFS(Summary!$C:$C,Summary!$A:$A,$A12,Summary!$B:$B,$B$3) | C12: =SUMIFS(Summary!$F:$F,Summary!$A:$A,$A12,Summary!$B:$B,$B$3) | D12: =SUMIFS(Summary!$I:$I,Summary!$A:$A,$A12,Summary!$B:$B,$B$3) | H12: ETF | I12: =F5 | J12: 46235 | K12: =SUMIFS(Summary!$C:$C,Summary!$B:$B,$J12,Summary!$A:$A,"<>Savings") | L12: =SUMIFS(Summary!$C:$C,Summary!$B:$B,$J12,Summary!$A:$A,"Savings") | M12: =K12+L12 | N12: =SUMIFS(Summary!$F:$F,Summary!$B:$B,$J12,Summary!$A:$A,"<>Savings") | O12: =SUMIFS(Summary!$H:$H,Summary!$B:$B,$J12,Summary!$A:$A,"<>Savings")
A13: Defence Tech | B13: =SUMIFS(Summary!$C:$C,Summary!$A:$A,$A13,Summary!$B:$B,$B$3) | C13: =SUMIFS(Summary!$F:$F,Summary!$A:$A,$A13,Summary!$B:$B,$B$3) | D13: =SUMIFS(Summary!$I:$I,Summary!$A:$A,$A13,Summary!$B:$B,$B$3) | H13: Savings | I13: =F6 | J13: 46266 | K13: =SUMIFS(Summary!$C:$C,Summary!$B:$B,$J13,Summary!$A:$A,"<>Savings") | L13: =SUMIFS(Summary!$C:$C,Summary!$B:$B,$J13,Summary!$A:$A,"Savings") | M13: =K13+L13 | N13: =SUMIFS(Summary!$F:$F,Summary!$B:$B,$J13,Summary!$A:$A,"<>Savings") | O13: =SUMIFS(Summary!$H:$H,Summary!$B:$B,$J13,Summary!$A:$A,"<>Savings")
A14: Savings | B14: =SUMIFS(Summary!$C:$C,Summary!$A:$A,$A14,Summary!$B:$B,$B$3) | C14: =SUMIFS(Summary!$F:$F,Summary!$A:$A,$A14,Summary!$B:$B,$B$3) | D14: =SUMIFS(Summary!$I:$I,Summary!$A:$A,$A14,Summary!$B:$B,$B$3) | J14: 46296 | K14: =SUMIFS(Summary!$C:$C,Summary!$B:$B,$J14,Summary!$A:$A,"<>Savings") | L14: =SUMIFS(Summary!$C:$C,Summary!$B:$B,$J14,Summary!$A:$A,"Savings") | M14: =K14+L14 | N14: =SUMIFS(Summary!$F:$F,Summary!$B:$B,$J14,Summary!$A:$A,"<>Savings") | O14: =SUMIFS(Summary!$H:$H,Summary!$B:$B,$J14,Summary!$A:$A,"<>Savings")
J15: 46327 | K15: =SUMIFS(Summary!$C:$C,Summary!$B:$B,$J15,Summary!$A:$A,"<>Savings") | L15: =SUMIFS(Summary!$C:$C,Summary!$B:$B,$J15,Summary!$A:$A,"Savings") | M15: =K15+L15 | N15: =SUMIFS(Summary!$F:$F,Summary!$B:$B,$J15,Summary!$A:$A,"<>Savings") | O15: =SUMIFS(Summary!$H:$H,Summary!$B:$B,$J15,Summary!$A:$A,"<>Savings")
A16: Note: Apr/26 onward PAC is currently zero until you tell me the new monthly PAC amounts. | J16: 46357 | K16: =SUMIFS(Summary!$C:$C,Summary!$B:$B,$J16,Summary!$A:$A,"<>Savings") | L16: =SUMIFS(Summary!$C:$C,Summary!$B:$B,$J16,Summary!$A:$A,"Savings") | M16: =K16+L16 | N16: =SUMIFS(Summary!$F:$F,Summary!$B:$B,$J16,Summary!$A:$A,"<>Savings") | O16: =SUMIFS(Summary!$H:$H,Summary!$B:$B,$J16,Summary!$A:$A,"<>Savings")
J17: 46388 | K17: =SUMIFS(Summary!$C:$C,Summary!$B:$B,$J17,Summary!$A:$A,"<>Savings") | L17: =SUMIFS(Summary!$C:$C,Summary!$B:$B,$J17,Summary!$A:$A,"Savings") | M17: =K17+L17 | N17: =SUMIFS(Summary!$F:$F,Summary!$B:$B,$J17,Summary!$A:$A,"<>Savings") | O17: =SUMIFS(Summary!$H:$H,Summary!$B:$B,$J17,Summary!$A:$A,"<>Savings")
J18: 46419 | K18: =SUMIFS(Summary!$C:$C,Summary!$B:$B,$J18,Summary!$A:$A,"<>Savings") | L18: =SUMIFS(Summary!$C:$C,Summary!$B:$B,$J18,Summary!$A:$A,"Savings") | M18: =K18+L18 | N18: =SUMIFS(Summary!$F:$F,Summary!$B:$B,$J18,Summary!$A:$A,"<>Savings") | O18: =SUMIFS(Summary!$H:$H,Summary!$B:$B,$J18,Summary!$A:$A,"<>Savings")
J19: 46447 | K19: =SUMIFS(Summary!$C:$C,Summary!$B:$B,$J19,Summary!$A:$A,"<>Savings") | L19: =SUMIFS(Summary!$C:$C,Summary!$B:$B,$J19,Summary!$A:$A,"Savings") | M19: =K19+L19 | N19: =SUMIFS(Summary!$F:$F,Summary!$B:$B,$J19,Summary!$A:$A,"<>Savings") | O19: =SUMIFS(Summary!$H:$H,Summary!$B:$B,$J19,Summary!$A:$A,"<>Savings")
J20: 46478 | K20: =SUMIFS(Summary!$C:$C,Summary!$B:$B,$J20,Summary!$A:$A,"<>Savings") | L20: =SUMIFS(Summary!$C:$C,Summary!$B:$B,$J20,Summary!$A:$A,"Savings") | M20: =K20+L20 | N20: =SUMIFS(Summary!$F:$F,Summary!$B:$B,$J20,Summary!$A:$A,"<>Savings") | O20: =SUMIFS(Summary!$H:$H,Summary!$B:$B,$J20,Summary!$A:$A,"<>Savings")
J21: 46508 | K21: =SUMIFS(Summary!$C:$C,Summary!$B:$B,$J21,Summary!$A:$A,"<>Savings") | L21: =SUMIFS(Summary!$C:$C,Summary!$B:$B,$J21,Summary!$A:$A,"Savings") | M21: =K21+L21 | N21: =SUMIFS(Summary!$F:$F,Summary!$B:$B,$J21,Summary!$A:$A,"<>Savings") | O21: =SUMIFS(Summary!$H:$H,Summary!$B:$B,$J21,Summary!$A:$A,"<>Savings")
J22: 46539 | K22: =SUMIFS(Summary!$C:$C,Summary!$B:$B,$J22,Summary!$A:$A,"<>Savings") | L22: =SUMIFS(Summary!$C:$C,Summary!$B:$B,$J22,Summary!$A:$A,"Savings") | M22: =K22+L22 | N22: =SUMIFS(Summary!$F:$F,Summary!$B:$B,$J22,Summary!$A:$A,"<>Savings") | O22: =SUMIFS(Summary!$H:$H,Summary!$B:$B,$J22,Summary!$A:$A,"<>Savings")
J23: 46569 | K23: =SUMIFS(Summary!$C:$C,Summary!$B:$B,$J23,Summary!$A:$A,"<>Savings") | L23: =SUMIFS(Summary!$C:$C,Summary!$B:$B,$J23,Summary!$A:$A,"Savings") | M23: =K23+L23 | N23: =SUMIFS(Summary!$F:$F,Summary!$B:$B,$J23,Summary!$A:$A,"<>Savings") | O23: =SUMIFS(Summary!$H:$H,Summary!$B:$B,$J23,Summary!$A:$A,"<>Savings")
J24: 46600 | K24: =SUMIFS(Summary!$C:$C,Summary!$B:$B,$J24,Summary!$A:$A,"<>Savings") | L24: =SUMIFS(Summary!$C:$C,Summary!$B:$B,$J24,Summary!$A:$A,"Savings") | M24: =K24+L24 | N24: =SUMIFS(Summary!$F:$F,Summary!$B:$B,$J24,Summary!$A:$A,"<>Savings") | O24: =SUMIFS(Summary!$H:$H,Summary!$B:$B,$J24,Summary!$A:$A,"<>Savings")
J25: 46631 | K25: =SUMIFS(Summary!$C:$C,Summary!$B:$B,$J25,Summary!$A:$A,"<>Savings") | L25: =SUMIFS(Summary!$C:$C,Summary!$B:$B,$J25,Summary!$A:$A,"Savings") | M25: =K25+L25 | N25: =SUMIFS(Summary!$F:$F,Summary!$B:$B,$J25,Summary!$A:$A,"<>Savings") | O25: =SUMIFS(Summary!$H:$H,Summary!$B:$B,$J25,Summary!$A:$A,"<>Savings")
J26: 46661 | K26: =SUMIFS(Summary!$C:$C,Summary!$B:$B,$J26,Summary!$A:$A,"<>Savings") | L26: =SUMIFS(Summary!$C:$C,Summary!$B:$B,$J26,Summary!$A:$A,"Savings") | M26: =K26+L26 | N26: =SUMIFS(Summary!$F:$F,Summary!$B:$B,$J26,Summary!$A:$A,"<>Savings") | O26: =SUMIFS(Summary!$H:$H,Summary!$B:$B,$J26,Summary!$A:$A,"<>Savings")
J27: 46692 | K27: =SUMIFS(Summary!$C:$C,Summary!$B:$B,$J27,Summary!$A:$A,"<>Savings") | L27: =SUMIFS(Summary!$C:$C,Summary!$B:$B,$J27,Summary!$A:$A,"Savings") | M27: =K27+L27 | N27: =SUMIFS(Summary!$F:$F,Summary!$B:$B,$J27,Summary!$A:$A,"<>Savings") | O27: =SUMIFS(Summary!$H:$H,Summary!$B:$B,$J27,Summary!$A:$A,"<>Savings")
J28: 46722 | K28: =SUMIFS(Summary!$C:$C,Summary!$B:$B,$J28,Summary!$A:$A,"<>Savings") | L28: =SUMIFS(Summary!$C:$C,Summary!$B:$B,$J28,Summary!$A:$A,"Savings") | M28: =K28+L28 | N28: =SUMIFS(Summary!$F:$F,Summary!$B:$B,$J28,Summary!$A:$A,"<>Savings") | O28: =SUMIFS(Summary!$H:$H,Summary!$B:$B,$J28,Summary!$A:$A,"<>Savings")
... J37: 46997 | K37: =SUMIFS(Summary!$C:$C,Summary!$B:$B,$J37,Summary!$A:$A,"<>Savings") | L37: =SUMIFS(Summary!$C:$C,Summary!$B:$B,$J37,Summary!$A:$A,"Savings") | M37: =K37+L37 | N37: =SUMIFS(Summary!$F:$F,Summary!$B:$B,$J37,Summary!$A:$A,"<>Savings") | O37: =SUMIFS(Summary!$H:$H,Summary!$B:$B,$J37,Summary!$A:$A,"<>Savings")
